<?xml version="1.0" encoding="UTF-8"?>
<beans:beans xmlns="http://www.springframework.org/schema/mvc"
	xmlns:xsi="http://www.w3.org/2001/XMLSchema-instance"
	xmlns:beans="http://www.springframework.org/schema/beans"
	xmlns:context="http://www.springframework.org/schema/context"
	xsi:schemaLocation="http://www.springframework.org/schema/mvc https://www.springframework.org/schema/mvc/spring-mvc.xsd
		http://www.springframework.org/schema/beans https://www.springframework.org/schema/beans/spring-beans.xsd
		http://www.springframework.org/schema/context https://www.springframework.org/schema/context/spring-context.xsd">

	<!-- DispatcherServlet Context: defines this servlet's request-processing infrastructure -->
	
	<!-- Enables the Spring MVC @Controller programming model -->
	<annotation-driven />
	<!-- 접근 자원에 대한 권한 설정 -->
	<!-- Handles HTTP GET requests for /resources/** by efficiently serving up static resources in the ${webappRoot}/resources directory -->
	<resources mapping="/resources/**" location="/resources/" />
	<resources mapping="/data/**" location="/data/" />
	
	<resources mapping="/include/**" location="/WEB-INF/views/include" />
	<resources mapping="/board/**" location="/WEB-INF/views/board" />
	<resources mapping="/member/**" location="/WEB-INF/views/member" />
	<resources mapping="/reservate/**" location="/WEB-INF/views/reservate" />
	<resources mapping="/qna/**" location="/WEB-INF/views/qna" />
	<resources mapping="/databank/**" location="/WEB-INF/views/databank" />
	<resources mapping="/util/**" location="/WEB-INF/views/util" />
	<resources mapping="/sample/**" location="/WEB-INF/views/sample" />
	<resources mapping="/free/**" location="/WEB-INF/views/free" />
	<resources mapping="/check/**" location="/WEB-INF/views/check" />
	<resources mapping="/user/**" location="/WEB-INF/views/user" />

	<!-- 리졸버에 대한 접두사와 접미사 설정 -->
	<!-- Resolves views selected for rendering by @Controllers to .jsp resources in the /WEB-INF/views directory -->
	<beans:bean class="org.springframework.web.servlet.view.InternalResourceViewResolver">
		<beans:property name="prefix" value="/WEB-INF/views/" />
		<beans:property name="suffix" value=".jsp" />
	</beans:bean>
	
	<!-- 멀티파트 리졸버 설정 -->
	<beans:bean id="multipartResolver" class="org.springframework.web.multipart.commons.CommonsMultipartResolver">
		<beans:property name="maxUploadSize" value="10485760" /> <!-- 10mb 제한 -->
	</beans:bean>
	
	<!-- 멀티파트 업로드 디렉토리 지정 -->
	<beans:bean id="uploadPath" class="java.lang.String">
		<beans:constructor-arg value="D:\kje\pro01\pro04\pro04\src\main\weapp\resources\upload"></beans:constructor-arg>
	</beans:bean>
	
	<!-- 기본 메인 패키지 및 컨트롤러 패키지 설정 -->
	<context:component-scan base-package="com.kolon" />
	
	<!-- 인터셉터 : 글쓰기와 같은 회원권한을 가진 경우는 반드시 로그인 페이지를 거쳐서 시도할 것  -->
	<beans:bean id="sampleInterceptor" class="com.kolon.util.SampleInterceptor" />
	<beans:bean id="loginInterceptor" class="com.kolon.util.LoginCheckInterceptor" />
	<beans:bean id="adminInterceptor" class="com.kolon.util.AdminInterceptor" />
	<interceptors>
		<interceptor>
            <mapping path="/free/**" />
            <beans:ref bean="sampleInterceptor" />
        </interceptor>
        <interceptor>
            <mapping path="/free/write.do" />
            <mapping path="/free/insert.do" />
            <mapping path="/free/update.do" />
            <mapping path="/free/delete.do" />
            <beans:ref bean="loginInterceptor"/>
        </interceptor>
        <interceptor>
            <mapping path="/board/insert.do"/>
            <mapping path="/board/update.do"/>
            <beans:ref bean="adminInterceptor" />
        </interceptor>
	</interceptors>
	
	
	
	
	<!-- 트랜잭션 및 DB 패키지 방안  및 각종 로깅과 보안 -->
</beans:beans>
