<?xml version="1.0" encoding="UTF-8"?>
<beans xmlns="http://www.springframework.org/schema/beans"
	xmlns:xsi="http://www.w3.org/2001/XMLSchema-instance"
	xmlns:mybatis-spring="http://mybatis.org/schema/mybatis-spring"
	xmlns:context="http://www.springframework.org/schema/context"
	xmlns:aop="http://www.springframework.org/schema/aop"
	xmlns:jdbc="http://www.springframework.org/schema/jdbc"
	xmlns:tx="http://www.springframework.org/schema/tx"
	xsi:schemaLocation="http://www.springframework.org/schema/jdbc http://www.springframework.org/schema/jdbc/spring-jdbc-4.3.xsd
		http://mybatis.org/schema/mybatis-spring http://mybatis.org/schema/mybatis-spring-1.2.xsd
		http://www.springframework.org/schema/beans https://www.springframework.org/schema/beans/spring-beans.xsd
		http://www.springframework.org/schema/context http://www.springframework.org/schema/context/spring-context-4.3.xsd
		http://www.springframework.org/schema/aop http://www.springframework.org/schema/aop/spring-aop-4.3.xsd
		http://www.springframework.org/schema/tx http://www.springframework.org/schema/tx/spring-tx-4.3.xsd">
		
		
	
	<!-- Root Context: defines shared resources visible to all other web components -->
	<!-- 데이터베이스 설정 -->
	<!-- spring-jdbc-5.0.8.RELEASE.jar 안의 드라이버매니저 연결 -->
	<bean id="dataSource" class="org.springframework.jdbc.datasource.DriverManagerDataSource">
	<!-- 데이터 소스 및 드라이버 설정 : log4jdbc-log4j2-jdbc4-1.16.jar -->
		<property name="driverClassName" value="net.sf.log4jdbc.sql.jdbcapi.DriverSpy"></property>
	<!-- 연결 url, 사용자 아이디, 비밀번호 설정 -->
		<property name="url" value="jdbc:log4jdbc:oracle:thin:@localhost:1521:xe" />
		<property name="username" value="system" />
		<property name="password" value="1234"></property>
	</bean>
	
	<!-- sql을 대신할 my-batis 설정 : mybatis-spring-1.3.2.jar의 세션팩토리빈클래스 연결 -->
	<bean id="sqlSessionFactory" class="org.mybatis.spring.SqlSessionFactoryBean">
		<property name="dataSource" ref="dataSource" />
		<!-- mybatis 설정파일 등록-->
		<property name="configLocation" value="classpath:/mybatis-config.xml"></property>
		<!-- sql처럼 데이터베이스와 자바 클래스를 데이터 연관을 지어줄 파일 위치와 이름 지정 -->
		<property name="mapperLocations" value="classpath:mappers/**/*Mapper.xml"></property>
	</bean>
	
	<!-- SqlSession 객체 주입 -->
	<bean id="sqlSession" class="org.mybatis.spring.SqlSessionTemplate" destroy-method="clearCache">
		<constructor-arg name="sqlSessionFactory" ref="sqlSessionFactory"></constructor-arg>
	</bean>
	
	<!-- 트랜잭션 및 DB 패키지 방안 및 각 -->
	<bean id="transactionManager" class="org.springframework.jdbc.datasource.DataSourceTransactionManager">
		<property name="dataSource" ref="dataSource" />
	</bean>
	<!-- @Transactional 어노테이션 처리 -->
	<tx:annotation-driven transaction-manager="transactionManager" />
	<!-- naver/daum/google 메일 서버 설정 -->
</beans>
