<?xml version="1.0" encoding="UTF-8"?>
<!DOCTYPE mapper PUBLIC 
"-//mybatis.org//DTD Mapper 3.0//EN" 
"http://mybatis.org/dtd/mybatis-3-mapper.dtd">
<mapper namespace="free">
	<!-- 공지사항 목록 -->
	<select id="freeList" resultType="com.kolon.dto.FreeDTO">
		select * from free order by regdate desc
	</select>
	<!-- 글 상세보기 -->
	<select id="freeDetail" resultType="com.kolon.dto.FreeDTO">
		select * from free where fno=#{fno}
	</select>
	<!-- 글 작성하기 -->
	<insert id="freeInsert">
		insert into free values ((select nvl(max(fno), 0)+1 from free), #{title}, #{content},  sysdate, 0, #{id}, 0)
	</insert>
	<delete id="freeDelete">
		delete from free where fno=#{fno}
	</delete>
	<update id="freeEdit">
		update free set title=#{title}, content=#{content} where fno=#{fno}
	</update>
	<update id="visitCount">
		update free set visited=visited+1 where fno=#{fno}
	</update>
</mapper>