<?xml version="1.0" encoding="UTF-8"?>
<!DOCTYPE mapper PUBLIC "-//mybatis.org//DTD Mapper 3.0//EN" 
"http://mybatis.org/dtd/mybatis-3-mapper.dtd">
<mapper namespace="member">
	<select id="memberList" resultType="com.kolon.dto.MemberDTO">
		select * from member
	</select>
	<select id="getMember" resultType="com.kolon.dto.MemberDTO">
		select * from member where id=#{id}
	</select>
	
	<!-- 로그인 : 컨트롤러에서 처리 -->
	<select id="signIn" resultType="com.kolon.dto.MemberDTO">
		select * from member where id = #{id }
	</select>
	<!-- 로그인 : DAO에서 처리 -->
	<select id="loginCheck" resultType="com.kolon.dto.MemberDTO">
		select id, pw, name from member where id = #{id }
	</select>
	<!-- 로그인 : AJax로 로그인 처리 -->	
	<select id="login" resultType="com.kolon.dto.MemberDTO">
		select id, pw, name from member where id = #{id }
	</select>	
	
	<!-- 회원 가입 : dao에서 insert("member.memberInsert", mdto) -->
	<insert id="memberInsert">
		insert into member values (#{id}, #{pw}, #{name}, #{email}, #{tel}, #{addr1}, #{addr2}, #{postcode}, sysdate, #{birth}, 0, 0)
	</insert>
	
	<!-- 회원 정보 변경 : dao에서 update("member.memberUpdate", mdto) -->
	<update id="memberUpdate">
	update member set pw=#{pw }, name=#{name }, email=#{email }, tel=#{tel }, 
	addr1=#{addr1 }, addr2=#{addr2 }, postcode=#{postcode } where id = #{id }
	</update>
	
	<!-- 회원 탈퇴 : dao에서 delete("member.memberDelete", userid) -->	
	<delete id="memberDelete">
	delete from member where id=#{id }	
	</delete>
</mapper>
<!-- namespace나 해당 명령의 id는 중복되면 절대 안됨 -->